﻿<?xml version="1.0" encoding="UTF-8" standalone="yes"?>
<addon 	
		id="repo.conexaoTV" 
		name="[B][COLOR white]Repositorio Cone[B][COLOR violet]x[B][COLOR  white]ão[/COLOR][/B] [B][COLOR violet]Tv[/COLOR][/B]"
		version="2.00"
		 provider-name="Conexao TEAM">">
		
		<requires>
        <import addon="xbmc.addon" version="12.0.0"/>
		</requires>
		
		<extension point="xbmc.addon.repository" name="Repositorio ConexaoTV">
		
		
	<dir>
			<info compressed="false">https://raw.github.com/Marciocn/repo.conexaoTV/master/addons.xml</info>
			<checksum>https://raw.github.com/Marciocn/repo.conexaoTV/master/addons.xml.md5</checksum>
			<datadir zip="true">https://raw.github.com/Marciocn/repo.conexaoTV/master</datadir>	
			<hashes>false</hashes>
    </dir>
	
	<dir minversion="16.0.0" maxversion="18.9.0">
			<info compressed="false">https://raw.github.com/Marciocn/repo.conexaoTV/master/leia/addons.xml</info>
			<checksum>https://raw.github.com/Marciocn/repo.conexaoTV/master/leia/addons.xml.md5</checksum>
			<datadir zip="true">https://raw.github.com/Marciocn/repo.conexaoTV/master/leia</datadir>	
			<hashes>false</hashes>
    </dir>
   
   <dir minversion="18.9.1">
			<info compressed="false">https://raw.github.com/Marciocn/repo.conexaoTV/master/matrix/addons.xml</info>
			<checksum>https://raw.github.com/Marciocn/repo.conexaoTV/master/matrix/addons.xml.md5</checksum>
			<datadir zip="true">https://raw.github.com/Marciocn/repo.conexaoTV/master/matrix</datadir>	
			<hashes>false</hashes>
    </dir>
	
	</extension>
		
	
	<extension point="xbmc.addon.metadata">
		<summary lang="pt_br"></summary>
        <description lang="pt_br"></description>
		<platform>all</platform>
		<source></source>
		 <assets>
            <icon>icon.png</icon>
			<fanart>fanart.jpg</fanart>
        </assets>
				
	<news>
	[COLOR blue]LOG DE CORREÇÔES[/COLOR]
	
	[COLOR green]*[/COLOR] V 2.00 - compatibilidade com Kodi 19 Matrix
	
	</news>
		
	<summary>Repositório ConexãoTV</summary>
		
	<description></description>
		
<disclaimer></disclaimer>
		
	</extension>
</addon>
