<?xml version="1.0" encoding="UTF-8" standalone="yes"?>
<addon id="plugin.video.conexao"
       name="[B][COLOR beige]Cone[COLOR red][B]x[/B][COLOR  beige][B]ão[/COLOR][COLOR blue]-[COLOR aquamarine]Multi[COLOR blue]-[COLOR aqua]Addons[/COLOR][/B]"
       version="2.0.5"
       provider-name="Equipe[B][COLOR beige]Cone[B][COLOR violet][B]x[/B][COLOR  beige][B]ão[/COLOR][COLOR magenta] Play[/COLOR][/B]">
  <requires>
    <import addon="xbmc.python" version="2.1.0"/>
	<import addon="script.module.t0mm0.common" version="2.0.0"/>
    <import addon="script.module.beautifulsoup" version="3.2.1"/>
    <import addon="script.module.simple.downloader" version="0.9.4"/>
    <import addon="script.module.beautifulsoup4" />
    <import addon="script.module.simple.downloader" version="0.9.4"/>
    <import addon="script.module.requests" />
    <import addon="script.module.httplib2" />
    <import addon="script.module.youtube.dl" optional="true"/>
    <import addon="plugin.video.youtube" version="3.0.0"/>
    <import addon="script.module.urlresolver" optional="true"/>
    <import addon="script.module.simplejson" /> 
    <import addon="script.common.plugin.cache" version="2.5.2"/>
    <import addon="script.module.metahandler" version="2.5.1"/>

    </requires>
  <extension point="xbmc.python.pluginsource" library="default.py">
    <provides>video</provides>
  </extension>
  <extension point="xbmc.addon.repository" name="Vikings Repository">
		<info compressed="false">http://raw.github.com/Marciocn/repo.conexaoTV/master/addons.xml</info>
		<checksum>http://raw.github.com/Marciocn/repo.conexaoTV/master/addons.xml.md5</checksum>
		<datadir zip="true">http://raw.github.com/Marciocn/repo.conexaoTV/master/ZipFiles/</datadir>
  </extension>
  <extension point="xbmc.addon.metadata">
    <summary>[B][COLOR beige]Cone[COLOR red][B]x[/B][COLOR  beige][B]ão[/COLOR][COLOR blue]-[COLOR aquamarine]Multi[COLOR blue]-[COLOR aqua]Addons[/COLOR][/B][COLOR aqua][B]  Feito Pra Você[/B][/COLOR]</summary>
    <disclaimer lang="en">O autor não é responsável pelo uso deste addon. O autor não é responsável pelo conteúdo encontrado usando este addon. O autor não hospeda ou possui qualquer conteúdo encontrado dentro deste addon. O autor não é de forma alguma afiliado com Kodi, Team Kodi, ou a Fundação XBMC. Este é um recurso sem fins lucrativos, organizado exclusivamente para fins educacionais. fins protegidos pela doutrina de uso justo da Lei de Direitos Autorais, especificamente a seção 107, que promove a liberdade de expressão, ao permitir o uso não licenciado de obras protegidas por direitos autorais.</disclaimer>
	<description lang="pt">[COLOR lime]*TV*[COLOR red]*FILMES*[/COLOR][COLOR firebrick]*SERIES*[COLOR blue]*DESENHOS*[COLOR orange]*ANIMES*[COLOR cyan]*LANCAMENTOS*[COLOR lime]*HD*[COLOR yellow]*FHD*[/COLOR]</description>
    <website>https://conexaoplay.github.io/conexaoplay</website>
    <email>candido.marcio.marcio@gmail.com</email>
    <reuselanguageinvoker>false</reuselanguageinvoker>   
   <news>[COLOR lime] Atualização[COLOR red] v2.0.4:[/COLOR] [COLOR violet][B]Novas Thumbnails e Imagens de fundo[/B][/COLOR]
       [COLOR aqua][B]Correções de bugs[/B][/COLOR][COLOR god][B]Melhorias de estabilidade[/B][/COLOR] 
         
</news>
	<platform>all</platform>
  </extension>
</addon>

	
        

