<?xml version="1.0" encoding="UTF-8" standalone="yes"?>
<addon id="plugin.video.pipoflix" name="[COLOR red][B]PIPOFLIX[/B][/COLOR]" version="1.0" provider-name="PipoFlix">
    <requires>
        <import addon="xbmc.python" version="2.20.0"/>
        <import addon="script.module.urlresolver"/>
        <import addon="script.module.beautifulsoup4"/>
        <import addon="script.module.requests"/>
    </requires>
    <extension point="xbmc.python.pluginsource" library="default.py">
        <provides>video</provides>
    </extension>
    <extension point="xbmc.addon.metadata">
        <language>en</language>
        <platform>all</platform>
        <summary lang="en">PipoFlix</summary>
        <description lang="en">PipoFlix  O melhor site para assistir filme e séries online em hd e full hd, dublados e legendado, tudo grátis sem travamentos.</description>
        <license>GNU GENERAL PUBLIC LICENSE. Version 2, June 1991</license>
        <platform>all</platform>
    </extension>
</addon>
