<?xml version="1.0" encoding="UTF-8" standalone="yes"?>
<addon id="plugin.video.ConexaoTube"
       name="[B][COLOR beige]Cone[B][COLOR aqua][B]x[/B][COLOR  beige][B]ão[/COLOR][COLOR red] Tube[/COLOR][/B]"
       version="1.0.2"
       provider-name="[B][COLOR beige]Cone[B][COLOR aqua][B]x[/B][COLOR  beige][B]ão[/COLOR][COLOR red] Tv[/COLOR][/B]">
  <requires>
    <import addon="xbmc.python" version="2.1.0"/>
	<import addon="script.module.t0mm0.common" version="2.0.0"/>
    <import addon="script.module.beautifulsoup" version="3.2.1"/>
    <import addon="script.module.simple.downloader" version="0.9.4"/>
    <import addon="script.module.beautifulsoup4" />
    <import addon="script.module.simple.downloader" version="0.9.4"/>
    <import addon="script.module.requests" />
    <import addon="script.module.httplib2" />
    <import addon="script.module.youtube.dl" optional="true"/>
    <import addon="plugin.video.youtube" version="3.0.0"/>
    <import addon="script.module.urlresolver" optional="true"/>
    <import addon="script.module.simplejson" /> 
    <import addon="script.common.plugin.cache" version="2.5.2"/>
    <import addon="script.module.metahandler" version="2.5.1"/>

    </requires>
  <extension point="xbmc.python.pluginsource" library="default.py">
    <provides>video</provides>
  </extension>
  <extension point="xbmc.addon.metadata">
        <summary>[B][COLOR beige]Cone[B][COLOR aqua][B]x[/B][COLOR  beige][B]ao[/COLOR][COLOR red] Tube[/COLOR][/B][COLOR aqua][B]O Youtube No Seu Kodi [/B][/COLOR]</summary>
<disclaimer lang="en">O autor não é responsável pelo uso deste addon. O autor não é responsável pelo conteúdo encontrado usando este addon. O autor não hospeda ou possui qualquer conteúdo encontrado dentro deste addon. O autor não é de forma alguma afiliado com Kodi, Team Kodi, ou a Fundação XBMC. Este é um recurso sem fins lucrativos, organizado exclusivamente para fins educacionais. fins protegidos pela doutrina de uso justo da Lei de Direitos Autorais, especificamente a seção 107, que promove a liberdade de expressão, ao permitir o uso não licenciado de obras protegidas por direitos autorais.</disclaimer>
	<description lang="pt">[COLOR white][B]Add-on [B][COLOR beige]Cone[B][COLOR aqua][B]x[/B][COLOR  beige][B]ão[/COLOR][COLOR red] Tube[/COLOR][/B][COLOR gold][B] Com Foco em Conteúdos Emcotrados No Youtube[/B][/COLOR]</description>
    <description>Canais e Filmes do yuotube Direto no Kodi</description>
 <platform>all</platform>
  </extension>
</addon>