<?xml version="1.0" encoding="UTF-8" standalone="yes"?>
<addon id="plugin.video.Meuguia.Tv" name="[COLOR darkseagreen]Meuguia.Tv[/COLOR]" version="5.0" provider-name="Lojink">
  <requires>
    <import addon="xbmc.python" version="2.1.0"/>
  </requires>
    <extension point="xbmc.python.pluginsource"
               library="default.py">
        <provides>video</provides>
    </extension>
    <extension point="xbmc.addon.metadata">
        <platform>all</platform>
        <summary>Meuguia.Tv</summary>
        <description>Meuguia.Tv</description>
    </extension>
</addon>