<?xml version="1.0" encoding="UTF-8" standalone="yes"?>
<addon id="script.module.youtube_channels" name="YouTube Channels" version="0.1.0" provider-name="Alexander Seiler">
  <requires>
    <import addon="xbmc.python" version="2.25.0"/>
    <import addon="plugin.video.youtube" version="6.4.0"/>
    <import addon="script.module.simplecache" version="1.0.11"/>
    <import addon="script.module.kodi-six" version="0.0.2"/>
  </requires>
  <extension point="xbmc.python.module" library="lib">
  </extension>
  <extension point="xbmc.addon.metadata">
    <summary lang="en_GB">Helps you to include YouTube channels in a Kodi plugin.</summary>
    <description lang="en_GB">YouTube Channels offers helper function to include a list of different YouTube channels into your Kodi plugin.</description>
    <platform>all</platform>
    <license>GNU GENERAL PUBLIC LICENSE. Version 3, June 2007</license>
    <email>seileralex@gmail.com</email>
    <source>https://github.com/goggle/script.module.youtube_channels</source>
    <assets>
        <icon>resources/icon.png</icon>
    </assets>
  </extension>
</addon>
