<?xml version="1.0" encoding="UTF-8" standalone="yes"?>
<addon id="plugin.video.youtube" name="YouTube" version="6.9.0" provider-name="bromix">
	<requires>
		<import addon="xbmc.python" version="2.19.0"/>
        <import addon="script.module.requests" version="2.12.4"/>
	</requires>
	<extension point="xbmc.python.pluginsource" library="resources/lib/default.py">
		<provides>video</provides>
	</extension>
    <extension point="xbmc.service" library="resources/lib/startup.py" start="startup" />
	<extension point="xbmc.python.module" library="resources/lib/" />
	<extension point="xbmc.addon.metadata">
        <news>
[fix] tighten regex for routing, resolving incorrect routing
[add] mpeg-dash support for live content (requires inputstream.adaptive >= 2.0.12)
[add] add route to update api keys
[fix/upd] refactor subtitles ** subtitles setting will be reset
[fix/upd] add My Subscriptions (Filtered) to dual login requirements
[fix/upd] only show Browse Channels when logged in
[upd] Greek strings [Twilight0]
[upd] Polish strings [Etharr]
        </news>
        <assets>
            <icon>icon.png</icon>
            <fanart>fanart.jpg</fanart>
        </assets>
        <summary lang="en">Plugin for YouTube</summary>
        <description lang="en">YouTube is one of the biggest video-sharing websites of the world.</description>
		<summary lang="de">Plugin für YouTube</summary>
        <description lang="de">YouTube ist eines der größten Video-Sharing-Websites der Welt.</description>
        <summary lang="pl">Wtyczka YouTube</summary>
        <description lang="pl">YouTube jest jednym z największych na świecie serwisów udostępniania wideo.</description>
		<summary lang="hu">Kiegészítő  a YouTube-hoz</summary>
        <description lang="hu">A YouTube világ egyik legnagyobb videómegosztó weboldala.</description>
        <summary lang="es">Plugin para YouTube</summary>
        <description lang="es">YouTube es uno de los mayores sitios web de intercambio de vídeos del mundo.</description>
        <summary lang="ru">Видеодополнение YouTube</summary>
        <description lang="ru">Данное дополнение позволяет находить и смотреть видео на всеми любимом сайте.</description>
        <summary lang="fr">Plugin pour YouTube</summary>
        <description lang="fr">YouTube est l'un des plus grands sites de partage vidéos du monde.</description>
        <summary lang="zh">YouTube附加元件</summary>
        <description lang="zh">「Youtube」是全世界最大的影片分享網站</description>
        <summary lang="bg">Добавка за YouTube</summary>
        <description lang="bg">YouTube е един от най-големите уеб сайтове за споделяне на видео в целия свят.</description>
		<summary lang="el">Πρόσθετο YouTube</summary>
        <description lang="el">Το YouTube είναι μία από τις μεγαλύτερες ιστοσελίδες διαμοιρασμού βίντεο στον κόσμο.</description>
        <summary lang="no">Tillegg for YouTube</summary>
        <description lang="no">YouTube er en av verdens største nettsider for videodeling.</description>
        <disclaimer lang="en"></disclaimer>
		<language></language>
		<platform>all</platform>
		<license>GNU GENERAL PUBLIC LICENSE. Version 2, June 1991</license>
		<forum>http://forum.kodi.tv/showthread.php?tid=267160</forum>
		<website>http://www.youtube.com</website>
		<email>ytplugin at datanet dot ws</email>
		<source>https://github.com/jdf76/plugin.video.youtube</source>
	</extension>
</addon>
